{"cameraMode":{"drawMode":0,"name":"Shaded","section":"Shading Mode"},"sceneLighting":true,"audioPlay":false,"sceneViewState":{"m_AlwaysRefresh":false,"showFog":true,"showSkybox":true,"showFlares":true,"showImageEffects":true,"showParticleSystems":true,"showVisualEffectGraphs":true,"m_FxEnabled":true},"in2DMode":false,"pivot":{"x":-4.428999900817871,"y":2.24843430519104,"z":0.41217145323753359},"rotation":{"x":-0.06566576659679413,"y":-0.24601764976978303,"z":0.016707178205251695,"w":-0.9668993353843689},"size":3.2755064964294435,"orthographic":false}